-- MySQL dump 10.13  Distrib 9.1.0, for Win64 (x86_64)
--
-- Host: localhost    Database: prueba2
-- ------------------------------------------------------
-- Server version	9.1.0

/*!40101 SET @OLD_CHARACTER_SET_CLIENT=@@CHARACTER_SET_CLIENT */;
/*!40101 SET @OLD_CHARACTER_SET_RESULTS=@@CHARACTER_SET_RESULTS */;
/*!40101 SET @OLD_COLLATION_CONNECTION=@@COLLATION_CONNECTION */;
/*!50503 SET NAMES utf8mb4 */;
/*!40103 SET @OLD_TIME_ZONE=@@TIME_ZONE */;
/*!40103 SET TIME_ZONE='+00:00' */;
/*!40014 SET @OLD_UNIQUE_CHECKS=@@UNIQUE_CHECKS, UNIQUE_CHECKS=0 */;
/*!40014 SET @OLD_FOREIGN_KEY_CHECKS=@@FOREIGN_KEY_CHECKS, FOREIGN_KEY_CHECKS=0 */;
/*!40101 SET @OLD_SQL_MODE=@@SQL_MODE, SQL_MODE='NO_AUTO_VALUE_ON_ZERO' */;
/*!40111 SET @OLD_SQL_NOTES=@@SQL_NOTES, SQL_NOTES=0 */;

--
-- Table structure for table `clientes`
--

DROP TABLE IF EXISTS `clientes`;
/*!40101 SET @saved_cs_client     = @@character_set_client */;
/*!50503 SET character_set_client = utf8mb4 */;
CREATE TABLE `clientes` (
  `id_cliente` int NOT NULL,
  `nombre_cliente` varchar(500) DEFAULT NULL,
  `ciudad` varchar(500) DEFAULT NULL,
  `email` varchar(500) DEFAULT NULL,
  PRIMARY KEY (`id_cliente`)
) ENGINE=InnoDB DEFAULT CHARSET=utf8mb4 COLLATE=utf8mb4_0900_ai_ci;
/*!40101 SET character_set_client = @saved_cs_client */;

--
-- Dumping data for table `clientes`
--

LOCK TABLES `clientes` WRITE;
/*!40000 ALTER TABLE `clientes` DISABLE KEYS */;
INSERT INTO `clientes` VALUES (1,'Phillip Martinez','Scottfurt','tammy89@example.net'),(2,'Heather Thomas','South Brandon','jonathan92@example.net'),(3,'Mark Lopez','Josephside','knightkeith@example.org'),(4,'Angela Perkins','Marvinbury','hoganhoward@example.net'),(5,'Timothy Garza','New Joefurt','perryjason@example.org'),(6,'James Morris','Caldwellfurt','pstevens@example.org'),(7,'Eugene Garcia','Mcintyreside','dana44@example.org'),(8,'Brenda Wang','Santiagofort','yvettebarnes@example.com'),(9,'Jackson Charles','Hernandezland','nicholas09@example.org'),(10,'Shane Johnson','Port Kathychester','brittneysmith@example.net'),(11,'Sheila Tyler','Rodriguezport','johnkidd@example.org'),(12,'Donald Smith','North Sharonview','wadeashley@example.org'),(13,'Lucas Lopez','Port Gregg','washingtonshelly@example.org'),(14,'Daniel Torres','East Ashleyville','pjohnson@example.net'),(15,'Joseph Thompson','Amyborough','woodardjames@example.com'),(16,'Bonnie Olson','North Joshua','arivera@example.com'),(17,'Chelsea Jones','Jarvistown','donna53@example.org'),(18,'James Reed','Matthewside','blittle@example.org'),(19,'Christopher Vincent','North Laceychester','mcleanchristopher@example.com'),(20,'Alexandra Hayden','North Oscarland','vperry@example.net'),(21,'Stephanie Richard','New Leonard','ijones@example.com'),(22,'Vanessa Williams','North Alyssaborough','zbarber@example.com'),(23,'Charles Kirby','East Matthewton','foxkenneth@example.net'),(24,'Shannon Griffin','Katherinetown','robertlopez@example.net'),(25,'Mark Brewer','Johnsonstad','yenglish@example.com'),(26,'Daniel Floyd','Greenemouth','qbaker@example.com'),(27,'David Robinson','West Robertburgh','vanessacampos@example.org'),(28,'Thomas Williamson','Lake Amy','angela66@example.com'),(29,'Kendra Ellis','Port Johnton','seanchristian@example.com'),(30,'Jeremiah Maldonado','North Ryanfort','kyledavila@example.net');
/*!40000 ALTER TABLE `clientes` ENABLE KEYS */;
UNLOCK TABLES;

--
-- Table structure for table `productos`
--

DROP TABLE IF EXISTS `productos`;
/*!40101 SET @saved_cs_client     = @@character_set_client */;
/*!50503 SET character_set_client = utf8mb4 */;
CREATE TABLE `productos` (
  `id_producto` int NOT NULL,
  `nombre_producto` varchar(500) DEFAULT NULL,
  `categoria` varchar(500) DEFAULT NULL,
  `precio` int DEFAULT NULL,
  PRIMARY KEY (`id_producto`)
) ENGINE=InnoDB DEFAULT CHARSET=utf8mb4 COLLATE=utf8mb4_0900_ai_ci;
/*!40101 SET character_set_client = @saved_cs_client */;

--
-- Dumping data for table `productos`
--

LOCK TABLES `productos` WRITE;
/*!40000 ALTER TABLE `productos` DISABLE KEYS */;
INSERT INTO `productos` VALUES (1,'Silla ergonómica','OFICINA',41645),(2,'Escritorio ajustable','OFICINA',30473),(3,'Archivador metálico','OFICINA',58882),(4,'Calculadora científica','OFICINA',29255),(5,'Grapadora industrial','OFICINA',45874),(6,'Laptop ultrabook','TECNOLOGÍA',70682),(7,'Monitor LED 24\"','TECNOLOGÍA',66461),(8,'Mouse inalámbrico','TECNOLOGÍA',27501),(9,'Teclado mecánico RGB','TECNOLOGÍA',86097),(10,'Disco duro externo 1TB','TECNOLOGÍA',27007),(11,'Resma de papel A4','PAPELERÍA',64947),(12,'Cuaderno de tapa dura','PAPELERÍA',35715),(13,'Lápices de colores','PAPELERÍA',32699),(14,'Bolígrafos de tinta gel','PAPELERÍA',87870),(15,'Carpeta de anillas','PAPELERÍA',90029),(16,'Mesa de conferencias','MUEBLES',95316),(17,'Librero de madera','MUEBLES',48983),(18,'Sofá ejecutivo','MUEBLES',75034),(19,'Silla de visita','MUEBLES',39723),(20,'Estante organizador','MUEBLES',83305),(21,'Audífonos Bluetooth','ELECTRÓNICA',72349),(22,'Smartwatch deportivo','ELECTRÓNICA',29983),(23,'Cámara web HD','ELECTRÓNICA',73275),(24,'Power bank 10000mAh','ELECTRÓNICA',17376),(25,'Altavoz portátil','ELECTRÓNICA',48404),(26,'Gel antibacterial','LIMPIEZA',24496),(27,'Detergente multiusos','LIMPIEZA',76148),(28,'Escoba de cerdas duras','LIMPIEZA',27940),(29,'Trapeador absorbente','LIMPIEZA',16190),(30,'Paños de microfibra','LIMPIEZA',52034),(31,'Café en grano 500g','ALIMENTOS',95618),(32,'Barras de cereal','ALIMENTOS',57907),(33,'Té verde orgánico','ALIMENTOS',65718),(34,'Botella de agua 1L','ALIMENTOS',48363),(35,'Galletas integrales','ALIMENTOS',70832),(36,'Camisa de algodón','TEXTIL',19717),(37,'Pantalón de vestir','TEXTIL',49760),(38,'Chaqueta impermeable','TEXTIL',24216),(39,'Guantes térmicos','TEXTIL',32908),(40,'Bufanda de lana','TEXTIL',91934),(41,'Mancuernas ajustables','DEPORTES',15703),(42,'Esterilla de yoga','DEPORTES',38873),(43,'Zapatillas para correr','DEPORTES',61376),(44,'Reloj deportivo GPS','DEPORTES',39900),(45,'Botella térmica','DEPORTES',28411),(46,'Lego Classic 1000 piezas','JUGUETERÍA',39924),(47,'Muñeca articulada','JUGUETERÍA',15614),(48,'Rompecabezas 500 piezas','JUGUETERÍA',24949),(49,'Carro de control remoto','JUGUETERÍA',59409),(50,'Juego de mesa Monopoly','JUGUETERÍA',20703);
/*!40000 ALTER TABLE `productos` ENABLE KEYS */;
UNLOCK TABLES;

--
-- Table structure for table `ventas`
--

DROP TABLE IF EXISTS `ventas`;
/*!40101 SET @saved_cs_client     = @@character_set_client */;
/*!50503 SET character_set_client = utf8mb4 */;
CREATE TABLE `ventas` (
  `id_venta` int NOT NULL,
  `fecha_venta` varchar(500) DEFAULT NULL,
  `id_cliente` int DEFAULT NULL,
  `id_producto` int DEFAULT NULL,
  `cantidad` int DEFAULT NULL,
  `precio_unitario` int DEFAULT NULL,
  `total_venta` varchar(500) DEFAULT NULL,
  PRIMARY KEY (`id_venta`),
  KEY `id_cliente` (`id_cliente`),
  KEY `id_producto` (`id_producto`),
  CONSTRAINT `ventas_ibfk_1` FOREIGN KEY (`id_cliente`) REFERENCES `clientes` (`id_cliente`),
  CONSTRAINT `ventas_ibfk_2` FOREIGN KEY (`id_producto`) REFERENCES `productos` (`id_producto`)
) ENGINE=InnoDB DEFAULT CHARSET=utf8mb4 COLLATE=utf8mb4_0900_ai_ci;
/*!40101 SET character_set_client = @saved_cs_client */;

--
-- Dumping data for table `ventas`
--

LOCK TABLES `ventas` WRITE;
/*!40000 ALTER TABLE `ventas` DISABLE KEYS */;
INSERT INTO `ventas` VALUES (1,'2024-03-23',11,36,3,19717,'59151'),(2,'2024-10-06',23,35,15,70832,'1062480'),(3,'2024-04-03',23,31,20,95618,'1912360'),(4,'2024-07-02',30,4,9,29255,'263295'),(5,'2024-08-19',24,14,11,87870,'966570'),(6,'2024-12-01',25,28,10,27940,'279400'),(8,'2024-03-05',20,13,17,32699,'555883'),(9,'2024-07-28',17,10,16,27007,'432112'),(10,'2024-04-24',24,11,16,64947,'1039152'),(11,'2024-04-17',13,39,4,32908,'131632'),(12,'2024-10-31',17,48,8,24949,'199592'),(13,'2024-04-15',26,13,14,32699,'457786'),(14,'2024-09-21',5,12,13,35715,'464295'),(15,'2025-02-16',4,41,6,15703,'94218'),(16,'2024-09-02',18,32,6,57907,'347442'),(17,'2024-07-11',10,17,2,48983,'97966'),(18,'2024-03-23',23,31,19,95618,'1816742'),(19,'2024-09-02',17,23,5,73275,'366375'),(20,'2024-04-22',12,8,6,27501,'165006'),(21,'2024-03-28',16,17,4,48983,'195932'),(22,'2024-07-15',13,5,14,45874,'642236'),(23,'2024-04-28',1,43,11,61376,'675136'),(24,'2024-05-11',21,34,19,48363,'918897'),(25,'2024-09-19',14,23,16,73275,'1172400'),(26,'2024-07-23',2,4,18,29255,'526590'),(27,'2024-07-08',16,34,7,48363,'338541'),(28,'2025-02-23',18,8,11,27501,'302511'),(29,'2024-03-17',26,38,4,24216,'96864'),(30,'2024-11-20',29,13,15,32699,'490485'),(32,'2024-12-24',13,21,2,72349,'144698'),(33,'2025-02-09',28,37,2,49760,'99520'),(34,'2024-04-19',1,37,8,49760,'398080'),(35,'2024-07-22',8,6,15,70682,'1060230'),(36,'2024-05-02',12,46,4,39924,'159696'),(37,'2025-01-10',23,32,4,57907,'231628'),(38,'2025-01-01',17,23,6,73275,'439650'),(39,'2024-07-06',15,1,5,41645,'208225'),(40,'2024-04-05',18,7,2,66461,'132922'),(41,'2024-06-06',16,16,17,95316,'1620372'),(42,'2024-06-23',12,44,20,39900,'798000'),(43,'2024-06-19',5,33,14,65718,'920052'),(44,'2024-08-19',4,2,7,30473,'213311'),(45,'2024-06-21',23,4,9,29255,'263295'),(46,'2024-07-27',20,13,20,32699,'653980'),(47,'2024-11-07',2,13,8,32699,'261592'),(48,'2024-04-30',27,47,9,15614,'140526'),(49,'2025-01-16',14,43,17,61376,'1043392'),(50,'2024-04-26',5,1,12,41645,'499740'),(51,'2024-05-27',27,35,7,70832,'495824'),(52,'2024-12-28',1,2,1,30473,'30473'),(53,'2024-05-12',21,4,13,29255,'380315'),(54,'2024-05-20',4,7,16,66461,'1063376'),(55,'2024-10-30',2,4,15,29255,'438825'),(56,'2024-05-15',3,47,5,15614,'78070'),(57,'2024-09-29',3,34,10,48363,'483630'),(58,'2024-05-31',3,31,11,95618,'1051798'),(59,'2024-11-10',12,36,1,19717,'19717'),(60,'2024-05-19',3,35,18,70832,'1274976'),(61,'2024-04-15',23,9,15,86097,'1291455'),(62,'2024-08-06',1,33,3,65718,'197154'),(63,'2024-10-14',5,18,10,75034,'750340'),(64,'2024-08-23',28,47,11,15614,'171754'),(65,'2024-10-18',23,9,7,86097,'602679'),(66,'2024-04-23',22,26,14,24496,'342944'),(67,'2024-07-11',5,7,18,66461,'1196298'),(68,'2024-10-10',17,42,17,38873,'660841'),(69,'2024-05-13',29,46,6,39924,'239544'),(70,'2024-07-28',30,30,19,52034,'988646'),(71,'2024-07-02',1,15,2,90029,'180058'),(72,'2024-06-08',2,33,16,65718,'1051488'),(73,'2024-08-30',2,30,9,52034,'468306'),(74,'2024-11-20',7,21,19,72349,'1374631'),(75,'2024-09-29',19,14,18,87870,'1581660'),(76,'2025-02-17',21,27,14,76148,'1066072'),(77,'2025-01-18',5,9,4,86097,'344388'),(78,'2025-02-01',19,16,17,95316,'1620372'),(79,'2025-03-01',8,9,17,86097,'1463649'),(80,'2024-11-28',15,38,3,24216,'72648'),(81,'2024-05-29',9,45,3,28411,'85233'),(82,'2025-01-04',20,19,9,39723,'357507'),(83,'2024-05-01',27,2,7,30473,'213311'),(84,'2024-09-07',21,50,1,20703,'20703'),(85,'2025-01-31',17,16,20,95316,'1906320'),(86,'2024-04-29',7,15,13,90029,'1170377'),(87,'2024-03-20',18,47,7,15614,'109298'),(88,'2024-10-14',23,31,16,95618,'1529888'),(89,'2024-03-31',18,5,16,45874,'733984'),(90,'2025-01-01',14,29,11,16190,'178090'),(91,'2024-03-29',12,25,10,48404,'484040'),(92,'2024-04-26',3,21,2,72349,'144698'),(93,'2024-10-12',6,35,6,70832,'424992'),(94,'2024-08-26',30,30,3,52034,'156102'),(95,'2025-02-09',17,34,1,48363,'48363'),(96,'2024-08-25',17,3,9,58882,'529938'),(97,'2024-04-18',26,31,12,95618,'1147416'),(98,'2024-11-08',18,11,13,64947,'844311'),(99,'2025-02-11',10,29,12,16190,'194280'),(100,'2025-02-11',1,34,20,48363,'967260'),(101,'2024-10-27',15,11,14,64947,'909258'),(102,'2024-07-08',25,24,9,17376,'156384'),(103,'2024-09-27',16,48,18,24949,'449082'),(104,'2025-01-20',14,40,11,91934,'1011274'),(105,'2024-08-20',14,38,15,24216,'363240'),(106,'2024-08-25',1,27,1,76148,'76148'),(107,'2024-05-31',28,30,17,52034,'884578'),(108,'2024-10-23',19,32,20,57907,'1158140'),(109,'2024-08-26',12,30,18,52034,'936612'),(110,'2024-10-13',8,20,20,83305,'1666100'),(111,'2024-08-19',26,39,18,32908,'592344'),(112,'2024-12-06',27,40,10,91934,'919340'),(113,'2025-02-01',28,27,1,76148,'76148'),(114,'2024-06-12',22,27,15,76148,'1142220'),(115,'2024-09-17',2,9,10,86097,'860970'),(116,'2025-01-20',25,34,6,48363,'290178'),(117,'2024-10-22',28,33,7,65718,'460026'),(119,'2024-04-26',30,11,15,64947,'974205'),(120,'2024-06-01',26,22,8,29983,'239864'),(121,'2024-06-24',7,33,3,65718,'197154'),(122,'2024-08-22',30,27,3,76148,'228444'),(123,'2024-04-28',30,14,17,87870,'1493790'),(124,'2024-12-14',28,46,7,39924,'279468'),(125,'2024-08-17',20,46,3,39924,'119772'),(126,'2024-03-31',20,8,3,27501,'82503'),(127,'2024-04-20',7,15,1,90029,'90029'),(128,'2024-10-28',15,6,19,70682,'1342958'),(129,'2024-10-17',13,47,10,15614,'156140'),(130,'2024-08-16',27,6,14,70682,'989548'),(131,'2024-12-29',3,36,8,19717,'157736'),(132,'2024-08-15',10,25,13,48404,'629252'),(133,'2024-05-10',21,11,10,64947,'649470'),(134,'2025-02-27',23,49,15,59409,'891135'),(135,'2025-01-30',29,12,2,35715,'71430'),(136,'2024-10-24',20,48,17,24949,'424133'),(137,'2024-06-06',13,26,14,24496,'342944'),(138,'2024-09-29',9,20,5,83305,'416525'),(139,'2025-02-17',18,22,9,29983,'269847'),(140,'2024-04-07',29,30,15,52034,'780510'),(141,'2025-01-02',2,23,8,73275,'586200'),(142,'2024-11-01',6,3,4,58882,'235528'),(143,'2025-02-17',29,42,3,38873,'116619'),(144,'2024-12-04',29,6,11,70682,'777502'),(145,'2024-11-12',10,48,3,24949,'74847'),(146,'2024-12-20',8,31,13,95618,'1243034'),(147,'2024-05-10',3,29,11,16190,'178090'),(148,'2024-03-14',6,43,12,61376,'736512'),(149,'2024-10-09',18,24,10,17376,'173760'),(150,'2025-01-20',15,9,12,86097,'1033164'),(151,'2024-05-23',15,44,16,39900,'638400'),(152,'2024-10-26',11,6,3,70682,'212046'),(153,'2025-02-14',19,18,15,75034,'1125510'),(154,'2025-01-19',4,49,8,59409,'475272'),(155,'2024-11-10',19,32,8,57907,'463256'),(156,'2024-05-24',24,33,7,65718,'460026'),(157,'2024-08-15',2,15,9,90029,'810261'),(158,'2024-05-29',15,34,9,48363,'435267'),(159,'2024-09-23',11,47,17,15614,'265438'),(160,'2024-04-03',25,3,5,58882,'294410'),(161,'2024-08-21',2,20,9,83305,'749745'),(162,'2024-05-01',17,10,1,27007,'27007'),(163,'2024-04-28',30,1,18,41645,'749610'),(164,'2024-10-20',6,48,5,24949,'124745'),(165,'2024-08-03',13,4,7,29255,'204785'),(166,'2024-11-22',4,38,18,24216,'435888'),(167,'2024-09-12',14,2,13,30473,'396149'),(168,'2024-12-22',19,30,16,52034,'832544'),(169,'2024-03-07',24,8,7,27501,'192507'),(170,'2024-07-30',3,46,12,39924,'479088'),(171,'2025-01-21',9,28,2,27940,'55880'),(172,'2025-02-06',22,36,1,19717,'19717'),(173,'2024-08-29',5,26,7,24496,'171472'),(174,'2024-09-15',16,17,7,48983,'342881'),(175,'2025-01-01',2,7,17,66461,'1129837'),(176,'2024-08-29',18,18,5,75034,'375170'),(177,'2024-05-20',22,33,17,65718,'1117206'),(178,'2024-06-17',12,39,5,32908,'164540'),(179,'2024-10-06',27,14,12,87870,'1054440'),(180,'2024-09-20',3,30,20,52034,'1040680'),(181,'2024-09-18',23,38,1,24216,'24216'),(182,'2024-04-18',2,25,16,48404,'774464'),(183,'2024-12-20',30,29,14,16190,'226660'),(184,'2024-03-04',29,28,16,27940,'447040'),(185,'2024-12-03',12,9,17,86097,'1463649'),(186,'2024-12-04',15,18,17,75034,'1275578'),(187,'2025-01-18',10,41,5,15703,'78515'),(188,'2024-08-16',13,2,20,30473,'609460'),(189,'2024-12-26',2,38,14,24216,'339024'),(190,'2024-09-05',8,13,5,32699,'163495'),(191,'2024-07-22',17,19,15,39723,'595845'),(192,'2024-03-23',17,15,3,90029,'270087'),(193,'2024-08-23',4,45,12,28411,'340932'),(194,'2024-03-05',16,46,18,39924,'718632'),(195,'2025-02-23',16,11,10,64947,'649470'),(196,'2024-11-27',18,5,7,45874,'321118'),(197,'2024-05-12',20,21,6,72349,'434094'),(198,'2024-11-29',17,35,18,70832,'1274976'),(199,'2024-12-15',5,40,20,91934,'1838680'),(200,'2024-06-02',10,41,16,15703,'251248'),(201,'2024-12-21',1,22,4,29983,'119932'),(202,'2024-08-18',3,30,4,52034,'208136'),(203,'2024-04-28',19,12,6,35715,'214290'),(204,'2024-05-03',12,24,8,17376,'139008'),(205,'2024-10-26',8,6,8,70682,'565456'),(206,'2025-01-05',10,46,6,39924,'239544'),(207,'2024-06-27',17,17,1,48983,'48983'),(208,'2024-08-28',3,1,7,41645,'291515'),(209,'2024-09-11',2,8,14,27501,'385014'),(210,'2024-10-09',16,27,12,76148,'913776'),(211,'2025-01-26',4,50,19,20703,'393357'),(212,'2024-12-10',22,47,7,15614,'109298'),(213,'2024-11-15',19,6,17,70682,'1201594'),(214,'2024-03-12',19,44,6,39900,'239400'),(215,'2025-02-08',13,26,14,24496,'342944'),(216,'2024-09-17',16,14,1,87870,'87870'),(217,'2024-06-26',13,19,9,39723,'357507'),(218,'2024-10-14',24,49,16,59409,'950544'),(219,'2025-03-01',25,7,2,66461,'132922'),(220,'2024-07-23',30,7,3,66461,'199383'),(221,'2024-11-09',26,12,10,35715,'357150'),(222,'2024-09-17',26,49,6,59409,'356454'),(223,'2024-05-18',27,25,8,48404,'387232'),(224,'2024-11-16',23,37,14,49760,'696640'),(225,'2024-12-22',26,14,11,87870,'966570'),(226,'2024-07-21',12,4,11,29255,'321805'),(227,'2024-05-04',1,37,6,49760,'298560'),(228,'2024-03-02',28,24,2,17376,'34752'),(229,'2024-04-30',14,31,3,95618,'286854'),(230,'2024-11-06',22,42,5,38873,'194365'),(231,'2024-11-16',21,2,15,30473,'457095'),(232,'2025-02-01',9,10,6,27007,'162042'),(233,'2024-09-27',13,47,3,15614,'46842'),(234,'2024-11-25',28,7,17,66461,'1129837'),(235,'2024-06-21',30,21,18,72349,'1302282'),(236,'2024-04-06',13,13,14,32699,'457786'),(237,'2024-10-22',8,6,11,70682,'777502'),(238,'2024-07-15',10,16,19,95316,'1811004'),(239,'2024-10-12',14,23,10,73275,'732750'),(240,'2024-11-17',2,49,14,59409,'831726'),(241,'2024-12-07',7,4,11,29255,'321805'),(242,'2024-12-31',22,41,18,15703,'282654'),(243,'2024-06-16',11,10,20,27007,'540140'),(244,'2024-05-28',21,47,9,15614,'140526'),(245,'2024-03-27',1,31,4,95618,'382472'),(246,'2024-06-05',7,45,4,28411,'113644'),(247,'2024-04-29',11,8,19,27501,'522519'),(248,'2024-10-28',17,23,3,73275,'219825'),(249,'2024-07-11',3,4,11,29255,'321805'),(250,'2024-06-07',20,11,2,64947,'129894'),(251,'2024-03-03',20,34,1,48363,'48363'),(252,'2024-05-20',21,43,10,61376,'613760'),(253,'2024-09-03',14,40,9,91934,'827406'),(254,'2024-08-12',4,17,13,48983,'636779'),(255,'2024-06-04',2,13,11,32699,'359689'),(256,'2024-07-21',6,48,8,24949,'199592'),(257,'2025-02-13',22,28,20,27940,'558800'),(258,'2024-06-04',11,6,2,70682,'141364'),(259,'2025-02-17',5,17,18,48983,'881694'),(260,'2024-05-20',11,32,14,57907,'810698'),(261,'2024-08-05',28,49,8,59409,'475272'),(262,'2024-04-16',15,39,4,32908,'131632'),(263,'2025-01-11',23,49,20,59409,'1188180'),(264,'2024-12-02',10,24,9,17376,'156384'),(265,'2025-02-22',14,33,12,65718,'788616'),(266,'2024-11-16',11,43,18,61376,'1104768'),(267,'2024-10-19',30,15,5,90029,'450145'),(268,'2024-09-16',24,36,11,19717,'216887'),(269,'2025-01-07',12,13,12,32699,'392388'),(270,'2024-10-16',25,10,13,27007,'351091'),(271,'2024-03-09',21,1,20,41645,'832900'),(272,'2024-11-01',10,47,5,15614,'78070'),(273,'2024-03-24',27,3,1,58882,'58882'),(274,'2024-12-22',23,29,16,16190,'259040'),(275,'2024-08-10',3,49,2,59409,'118818'),(276,'2024-07-14',18,34,17,48363,'822171'),(277,'2024-06-16',10,29,13,16190,'210470'),(278,'2024-09-09',6,24,2,17376,'34752'),(279,'2024-05-08',15,15,6,90029,'540174'),(280,'2024-12-16',22,22,3,29983,'89949'),(281,'2024-04-28',17,20,20,83305,'1666100'),(282,'2025-01-04',8,28,12,27940,'335280'),(283,'2024-11-16',17,46,18,39924,'718632'),(284,'2024-05-27',27,46,20,39924,'798480'),(285,'2024-08-31',7,35,4,70832,'283328'),(286,'2024-04-30',26,43,11,61376,'675136'),(287,'2024-10-12',29,13,20,32699,'653980'),(288,'2024-09-11',25,34,4,48363,'193452'),(289,'2024-12-23',30,11,3,64947,'194841'),(290,'2024-04-26',20,48,12,24949,'299388'),(291,'2024-04-09',9,28,3,27940,'83820'),(292,'2024-08-26',30,7,8,66461,'531688'),(293,'2024-06-17',11,41,2,15703,'31406'),(294,'2024-12-04',4,9,5,86097,'430485'),(295,'2024-11-19',28,5,18,45874,'825732'),(296,'2024-03-31',20,49,12,59409,'712908'),(297,'2025-01-12',4,49,17,59409,'1009953'),(298,'2024-08-02',13,2,14,30473,'426622'),(299,'2025-02-03',3,12,16,35715,'571440'),(300,'2024-09-13',11,37,15,49760,'746400'),(301,'2024-06-26',5,48,6,24949,'149694'),(302,'2024-03-11',15,39,17,32908,'559436'),(303,'2024-12-20',16,50,6,20703,'124218'),(304,'2024-04-29',24,32,15,57907,'868605'),(305,'2024-12-04',1,13,19,32699,'621281'),(306,'2025-01-06',4,26,11,24496,'269456'),(307,'2024-08-23',1,8,2,27501,'55002'),(308,'2024-04-15',4,30,12,52034,'624408'),(309,'2024-10-20',2,35,7,70832,'495824'),(310,'2024-09-04',26,41,18,15703,'282654'),(311,'2024-03-17',8,15,12,90029,'1080348'),(312,'2024-03-19',17,22,13,29983,'389779'),(313,'2024-12-23',23,19,6,39723,'238338'),(314,'2024-12-08',14,4,4,29255,'117020'),(315,'2024-03-16',19,22,3,29983,'89949'),(316,'2024-07-25',23,3,3,58882,'176646'),(317,'2025-03-02',9,18,4,75034,'300136'),(318,'2024-08-10',24,19,13,39723,'516399'),(319,'2024-06-02',21,17,17,48983,'832711'),(320,'2024-11-25',7,31,9,95618,'860562'),(321,'2024-03-07',4,24,2,17376,'34752'),(322,'2024-06-03',26,23,3,73275,'219825'),(323,'2024-09-29',27,3,1,58882,'58882'),(324,'2025-02-17',4,12,3,35715,'107145'),(325,'2024-03-25',24,12,2,35715,'71430'),(326,'2024-03-15',8,8,4,27501,'110004'),(327,'2024-03-26',25,47,16,15614,'249824'),(328,'2025-02-14',2,2,14,30473,'426622'),(329,'2025-01-08',25,16,3,95316,'285948'),(330,'2024-08-20',3,37,4,49760,'199040'),(331,'2025-02-03',1,42,10,38873,'388730'),(332,'2024-12-01',21,34,13,48363,'628719'),(333,'2024-12-21',12,16,16,95316,'1525056'),(334,'2024-03-21',1,24,9,17376,'156384'),(335,'2024-11-20',10,7,14,66461,'930454'),(336,'2024-11-11',18,28,13,27940,'363220'),(337,'2024-04-02',24,16,1,95316,'95316'),(338,'2024-07-24',1,48,9,24949,'224541'),(339,'2025-01-15',16,35,11,70832,'779152'),(340,'2024-11-09',9,10,7,27007,'189049'),(341,'2024-04-17',23,5,3,45874,'137622'),(342,'2024-10-23',18,20,5,83305,'416525'),(343,'2024-05-28',20,23,9,73275,'659475'),(344,'2024-11-16',9,35,5,70832,'354160'),(345,'2024-06-12',2,43,2,61376,'122752'),(346,'2025-02-19',2,30,10,52034,'520340'),(347,'2024-03-10',2,23,19,73275,'1392225'),(348,'2024-03-22',11,16,2,95316,'190632'),(349,'2024-06-15',8,48,16,24949,'399184'),(350,'2025-02-26',10,14,5,87870,'439350'),(351,'2024-08-23',14,11,20,64947,'1298940'),(352,'2024-03-14',25,19,6,39723,'238338'),(353,'2024-07-06',22,3,12,58882,'706584'),(354,'2025-02-20',3,19,7,39723,'278061'),(355,'2025-02-01',9,14,9,87870,'790830'),(356,'2025-01-09',27,1,13,41645,'541385'),(357,'2024-03-03',20,16,19,95316,'1811004'),(358,'2024-03-30',2,17,3,48983,'146949'),(359,'2025-02-17',18,31,5,95618,'478090'),(360,'2024-04-16',11,16,13,95316,'1239108'),(361,'2025-02-23',25,50,6,20703,'124218'),(362,'2024-07-15',16,17,3,48983,'146949'),(363,'2024-05-22',23,4,17,29255,'497335'),(364,'2024-04-15',10,32,8,57907,'463256'),(365,'2024-07-06',26,18,1,75034,'75034'),(366,'2024-09-03',22,5,13,45874,'596362'),(367,'2024-11-21',27,43,20,61376,'1227520'),(368,'2024-12-21',22,26,1,24496,'24496'),(369,'2025-02-11',14,6,12,70682,'848184'),(371,'2024-12-22',18,40,7,91934,'643538'),(372,'2024-04-06',5,6,4,70682,'282728'),(373,'2024-06-29',1,27,18,76148,'1370664'),(374,'2024-06-17',30,26,5,24496,'122480'),(375,'2025-03-02',28,48,11,24949,'274439'),(376,'2024-09-25',28,1,7,41645,'291515'),(377,'2024-08-12',18,1,12,41645,'499740'),(378,'2025-01-15',21,15,13,90029,'1170377'),(379,'2024-07-10',23,10,6,27007,'162042'),(380,'2024-04-23',7,46,7,39924,'279468'),(381,'2024-05-14',7,41,14,15703,'219842'),(382,'2024-06-19',17,37,13,49760,'646880'),(383,'2024-07-03',14,28,18,27940,'502920'),(384,'2024-10-17',23,45,6,28411,'170466'),(385,'2024-09-08',27,33,12,65718,'788616'),(386,'2025-01-13',13,34,18,48363,'870534'),(387,'2024-11-24',16,24,8,17376,'139008'),(388,'2025-01-30',8,11,8,64947,'519576'),(389,'2025-01-14',11,37,11,49760,'547360'),(390,'2024-12-27',12,8,20,27501,'550020'),(391,'2024-04-28',17,4,10,29255,'292550'),(392,'2024-08-20',4,39,15,32908,'493620'),(393,'2024-04-14',27,29,13,16190,'210470'),(394,'2024-07-13',7,9,16,86097,'1377552'),(395,'2024-09-13',15,46,5,39924,'199620'),(396,'2024-08-22',13,32,2,57907,'115814'),(397,'2024-07-08',19,38,16,24216,'387456'),(398,'2024-09-16',13,3,10,58882,'588820'),(399,'2025-02-03',6,4,16,29255,'468080'),(400,'2025-02-07',7,14,8,87870,'702960');
/*!40000 ALTER TABLE `ventas` ENABLE KEYS */;
UNLOCK TABLES;
/*!40103 SET TIME_ZONE=@OLD_TIME_ZONE */;

/*!40101 SET SQL_MODE=@OLD_SQL_MODE */;
/*!40014 SET FOREIGN_KEY_CHECKS=@OLD_FOREIGN_KEY_CHECKS */;
/*!40014 SET UNIQUE_CHECKS=@OLD_UNIQUE_CHECKS */;
/*!40101 SET CHARACTER_SET_CLIENT=@OLD_CHARACTER_SET_CLIENT */;
/*!40101 SET CHARACTER_SET_RESULTS=@OLD_CHARACTER_SET_RESULTS */;
/*!40101 SET COLLATION_CONNECTION=@OLD_COLLATION_CONNECTION */;
/*!40111 SET SQL_NOTES=@OLD_SQL_NOTES */;

-- Dump completed on 2025-03-07 12:22:39
